,feature
-2.926180557501868,answer
-2.8660997577194616,tax
-2.864527924261557,drug
-2.8575765835383975,turn
-2.680693851141877,everyon
-2.632762226445715,read
-2.5829182517402245,capit
-2.4805799386413763,without
-2.4190799072975455,tweet
-2.4190696426351734,truli
-2.3953100882164273,per
-2.3679648631028654,got
-2.333498534595935,rememb
-2.245658705430813,articl
-2.181926013449662,interest
-2.157967305100058,tire
-2.1416937665789124,mental
-2.1210481070119402,prepar
-2.103288981780378,im
-2.0917613184999073,low
-2.0544450004938546,benefit
-2.054268382562964,straight
-2.0275101567285163,enjoy
-2.0230060682079882,wast
-1.9707558744150722,survey
-1.9466630166994126,gave
-1.9219002045727815,debt
-1.9136087177191183,existenti
-1.8964814526515958,paid
-1.8950983756951976,put
-1.8939977035485278,wow
-1.8865751472560586,screw
-1.8703534695250663,babi
-1.8673089426743283,flex
-1.846765058693493,http
-1.8382817151360018,moder
-1.8382748040165653,creat
-1.8255028985287105,goal
-1.8097155980858581,shirt
-1.7917385066939184,exhaust
-1.7878708921440598,may
-1.7667651112319223,shortag
-1.7658783462304193,abolish
-1.7621562286411894,age
-1.7578241576825386,free
-1.7552067499631436,plu
-1.74930129901312,pass
-1.7314873078332638,anxiou
-1.726270545409581,lab
-1.7127814140309838,antiwork
-1.69005814870994,mess
-1.6872543544035394,terribl
-1.6863369657143212,improv
-1.6564877599110608,space
-1.6529085655483982,bill
-1.6515090694196402,fear
-1.6418960690601296,landlord
-1.6338996246897248,mark
-1.6334632266377358,realiz
-1.632632602404619,cloth
-1.632168135135727,strang
-1.629754387801383,respect
-1.628078981363551,go
-1.6237388889270536,useless
-1.6202576056625522,move
-1.618150679050859,woman
-1.6156076912918205,richer
-1.6143764848311184,abl
-1.6108086640986614,sex
-1.6075703865272866,alright
-1.5923896552248553,wage
-1.5857891092471608,funni
-1.5855926519940071,control
-1.5855018814384962,fellow
-1.574455105961929,arrest
-1.572111667784153,asleep
-1.568316083162463,understand
-1.56602823399302,climat
-1.5598587188902164,struggl
-1.550144608379872,qualifi
-1.5493712212856907,awar
-1.5480981904968734,polic
-1.5419768857750606,scam
-1.541524200348259,messag
-1.53619674158278,supervisor
-1.5311996469632194,learn
-1.52248406820506,video
-1.5215943491617752,experi
-1.5195394572698606,individu
-1.5188599682915114,dude
-1.5106025326046568,within
-1.506272067327142,happen
-1.502702971289342,mind
-1.5024213202335106,deserv
-1.497317555975231,adult
-1.4937310327870568,law
-1.4899820770156333,tech
-1.4870255159920411,card
-1.4834956138626576,need
-1.4762151118643458,autom
-1.4756499395898004,lifestyl
-1.475272923431885,notic
-1.4745657351083274,ass
-1.4694929391537008,catch
-1.4688773856600854,cant
-1.4687700981118035,away
-1.4654049501466344,form
-1.4578422726838993,studi
-1.442957286755869,becaus
-1.4396964518750797,kid
-1.434469654969535,wait
-1.4333604201981955,exploit
-1.4332265506551678,favorit
-1.4292852614335396,join
-1.4220241455713576,collect
-1.4148624244328865,second
-1.4110939828584759,hard
-1.410090042801128,issu
-1.4090031129758793,dont
-1.4082439892538052,laugh
-1.4080297442031733,relief
-1.4034866214398118,america
-1.3998590770350108,ultim
-1.3995143097868068,went
-1.3990244356353678,fals
-1.3908675818815315,human
-1.3843330238498184,mobil
-1.383090586727018,starvat
-1.3773090971722777,stage
-1.3769804116123687,manual
-1.376659070517524,dad
-1.3746283473406395,hand
-1.3678561838576127,complex
-1.367753940363855,holiday
-1.3591105222979485,skill
-1.3571970553397708,deal
-1.3510842737280357,protect
-1.3465808157813322,part
-1.3441220060650256,disord
-1.3438483681485838,somehow
-1.3425073726735148,advic
-1.3419135677922256,sort
-1.3405230295746362,dedic
-1.3367121560242432,ideolog
-1.3351050103379438,liter
-1.3326322648425553,serv
-1.331017089271076,john
-1.3306522573618589,price
-1.3295322352778693,field
-1.3260556756046114,forgot
-1.3259647956215277,okay
-1.3254982485891644,visit
-1.3210298204360105,includ
-1.3209290135746536,detail
-1.3139892402807887,inde
-1.308059317187326,commun
-1.306521444742832,tini
-1.3043386305589069,start
-1.3031182698971342,direct
-1.295693237350263,ten
-1.294256926913457,complain
-1.2924360733215146,dictat
-1.283723833188512,instead
-1.2809080449398096,violent
-1.27003540780135,happier
-1.2697343238219378,jesu
-1.2684463569105147,terrifi
-1.266776695693967,rather
-1.264496226554083,unemploy
-1.2588514218688918,rich
-1.2583397602199213,equal
-1.258292521359993,peanut
-1.2564603737460764,charact
-1.2558791048199338,promis
-1.2555493982613222,exampl
-1.2448704727230606,eye
-1.2415536434472694,manag
-1.2399922859152934,owe
-1.2340752735081189,park
-1.2331706666461275,matter
-1.2287868267814057,repli
-1.2253185749381037,hungri
-1.2243012036778345,freedom
-1.2230089996402862,enslav
-1.219746093409285,singl
-1.2179847968837683,slaveri
-1.215519898651393,duti
-1.2003389788114323,hardli
-1.194871004085353,lifetim
-1.193420230636798,zero
-1.1922231052463066,workforc
-1.1885278658152758,berat
-1.186948790309684,decad
-1.18356729735449,locat
-1.182072924398358,oper
-1.181645995027466,hope
-1.180946859407151,rig
-1.1741328783192007,passion
-1.1739506339964059,amp
-1.1724660322187819,birthday
-1.1692024823938525,relev
-1.168671885107398,unit
-1.1664876568986322,guilti
-1.1642595304107684,share
-1.1597211525009345,motherfuck
-1.1586097596961031,remov
-1.157553788504881,bitter
-1.1575279944031285,broke
-1.1563587360908976,might
-1.1515201599873492,ironi
-1.1513472126147013,avoid
-1.150638818779859,insult
-1.1473452347136834,didnt
-1.1442077236238792,extrem
-1.1433690512876191,noth
-1.1375479475676065,chore
-1.1330513802807833,ice
-1.1319319844193387,though
-1.1313503497466944,fake
-1.1285512808590308,absenc
-1.128376537749637,belief
-1.1271825280513785,name
-1.1262933941021456,avail
-1.1238083071777891,prevent
-1.1228066791700755,would
-1.12066851674191,back
-1.1182736512486227,unabl
-1.117893414439375,eventu
-1.1175191890050096,realiti
-1.1173122826263324,imagin
-1.1113946490974713,fight
-1.1104480603185283,els
-1.1096110911421577,cheap
-1.107664736245378,addict
-1.106510737513411,link
-1.104034803826881,cog
-1.1039307799747131,reject
-1.1029556463737629,career
-1.1020429508092735,introduc
-1.0993138687587214,began
-1.0991130599098677,keep
-1.098748287470739,alreadi
-1.0980012386189937,often
-1.0974677744054269,strike
-1.0962624176199156,especi
-1.0930581815630582,handl
-1.0909362132482723,sociopath
-1.0887862148372849,similar
-1.0883152462068415,either
-1.0883144470564066,file
-1.0868040646749106,women
-1.0868010003252846,beyond
-1.086153571364801,temp
-1.085757822039983,process
-1.0821402743528474,releas
-1.0818477656873213,cancer
-1.0817330044348865,begin
-1.0782113810253162,econom
-1.0766821682543317,twice
-1.075268795987341,stori
-1.0752276658859727,piec
-1.0747517266244833,top
-1.0726401663876555,store
-1.0697871568897974,book
-1.069354331599209,uber
-1.0675847659736881,step
-1.0673451725754879,norm
-1.0662341839511402,vent
-1.0661002052606567,lord
-1.06267419063678,pet
-1.0624576795711878,solut
-1.0599714406668839,usa
-1.0527456127373487,advantag
-1.0526458873955962,find
-1.0515942142011152,b
-1.050151326753468,villag
-1.0472703066090072,capabl
-1.045204647048545,listen
-1.0428333512479444,x200b
-1.042456199344353,beat
-1.0423812148079397,googl
-1.0382860526241258,entitl
-1.0359185938133988,cup
-1.033428692827343,husband
-1.0316638381100507,late
-1.0314870829000435,artist
-1.0304788965838507,although
-1.0234796996227182,war
-1.0222372847784533,confus
-1.0211369635675125,juli
-1.0187484601446222,far
-1.0184616550907515,wild
-1.0157577522538204,choic
-1.0156711036537347,bonu
-1.0152710730524306,younger
-1.0145259610330903,adhd
-1.011781836710769,appropri
-1.011741779205754,iron
-1.0088585816946494,staff
-1.0086049939659565,bs
-1.000333068600235,minor
-0.9999411809598222,enough
-0.9986560815801067,parti
-0.9977834428538593,plastic
-0.9971222244101456,develop
-0.9970739348480449,site
-0.9945988571109876,gold
-0.9939750784017227,knew
-0.9935947691900497,consid
-0.9928830673506657,doom
-0.9920114086051413,none
-0.9909586872957576,bottl
-0.9891706996946036,purpos
-0.9888054443352315,stop
-0.9877917841573369,altern
-0.9861585787802583,musk
-0.9844274323639217,amount
-0.9841993087476133,rise
-0.9827935037146213,track
-0.9809714615893115,onc
-0.9795796553925127,close
-0.9792305361821637,effici
-0.9755640158931882,popul
-0.9739677386974217,instagram
-0.9733124848091408,inspir
-0.9729100745959238,wednesday
-0.9724148621297227,uk
-0.967801026381984,sad
-0.9668481718717433,profess
-0.9661055612018538,alon
-0.9648825113968418,easili
-0.9632773612060197,feder
-0.9572568026942537,illeg
-0.9557684199245575,game
-0.9496960428635243,hous
-0.9457817038618017,except
-0.9442400770286066,daili
-0.9424804458550778,land
-0.9376227051828749,lot
-0.9371131204873236,horribl
-0.9335794871110406,natur
-0.9320895456415711,bc
-0.9305960549358803,client
-0.9276052961927814,garbag
-0.9255025294792458,trend
-0.9252852947626232,senior
-0.9181406260524289,play
-0.9171366989109133,rat
-0.9155794216896421,attempt
-0.9136491297563408,chain
-0.9070329661634482,somewher
-0.9035815346890169,cubicl
-0.9033768567385932,essenti
-0.9028455264624301,till
-0.9021116617887177,downtim
-0.8976586611981088,polit
-0.8969277712986792,defend
-0.894006515007345,busi
-0.8937360123461345,blood
-0.8930381147438096,dispos
-0.8929846865266836,bar
-0.8917734781145608,scari
-0.891686014332585,asshol
-0.8916140131839592,recent
-0.888864570890857,spend
-0.8874324751092058,lotteri
-0.8840250833572393,construct
-0.8837651562851031,chanc
-0.8828407846268063,demand
-0.8821863184861498,toward
-0.8809519324031491,beg
-0.8809097418149566,row
-0.8771684497746742,dark
-0.8699964334373118,lock
-0.8695054736492064,trick
-0.8693572828205435,face
-0.8673908600728729,planet
-0.865353273579355,warn
-0.8627321770545038,failur
-0.8625552611254046,unfulfil
-0.8584874389789648,volunt
-0.8580999505214996,legal
-0.8579195568160511,apart
-0.857633904176506,thousand
-0.8572365424972076,moral
-0.8552299488934494,assum
-0.85464387442451,feel
-0.8540450553804573,hide
-0.8534969169851109,brag
-0.852277010128621,engin
-0.8444986036868716,regret
-0.843388198139061,societi
-0.8402818587259538,psycholog
-0.8382335197669527,financi
-0.8380871720970948,shoplift
-0.8364075979804392,grant
-0.8363825999893442,forc
-0.8343712112430374,clean
-0.8343052692772228,girl
-0.8334869687768935,govern
-0.8333291692964945,amaz
-0.8315078874917051,bit
-0.8268013741328457,fresh
-0.821621187918839,quit
-0.8178422735810287,univers
-0.8146580791673564,bitch
-0.81405104408361,dump
-0.8138968321420632,mani
-0.8134221080251413,reinforc
-0.8108366076720125,regular
-0.806388169926163,stupid
-0.806265629289129,heart
-0.805180017123003,line
-0.8040076011748735,follow
-0.8038265143797181,kill
-0.7995851749525937,circl
-0.7984134950617523,repetit
-0.795339414168297,loser
-0.7952877102916247,tabl
-0.794835680313582,rent
-0.7948055824718696,contribut
-0.7947801744221866,perfect
-0.7929296351072841,result
-0.7927781846317734,possess
-0.7917100947900938,one
-0.790635265478949,lmao
-0.7906221918258868,ill
-0.7881347922423028,weed
-0.7872790060325751,resourc
-0.7853281864190861,abil
-0.7818124958073739,histori
-0.7799316472560305,becam
-0.7766276240042507,europ
-0.773334014948747,impact
-0.771527149768575,idiot
-0.7676617931438775,excus
-0.7655096685133165,fair
-0.7647700426974786,larg
-0.7646558693502277,surround
-0.7637540769547554,use
-0.7629400052824389,wield
-0.7608687514449579,chase
-0.7583289661253572,earn
-0.7575631593189399,tortur
-0.7556222295515701,obsess
-0.7533316396934744,idk
-0.7531185449774087,murder
-0.7470281684983446,scream
-0.7460905315677002,data
-0.7445417613409889,mean
-0.7435974281399875,nation
-0.7425096025969294,task
-0.7421052756786206,belong
-0.7412449260194007,outsid
-0.740356217927765,softwar
-0.7391540284376354,fish
-0.7387369267305816,whatev
-0.7386771307247594,ruin
-0.7374425452063311,desper
-0.7373005654151104,children
-0.7370066018122152,anyway
-0.736472696710202,normal
-0.7322928536267731,comput
-0.7305272528471215,surviv
-0.7297608263780099,peasant
-0.7241385589497789,satisfi
-0.721156412534887,current
-0.7209268031216944,review
-0.7205288687031396,anim
-0.7158397513388477,shove
-0.7151401351893754,non
-0.7150960201317496,accomplish
-0.7148820556895041,union
-0.7143099121661862,set
-0.7097823300059211,drag
-0.7067974145490097,employe
-0.7045502397927563,mom
-0.7043499955814763,incompet
-0.7041565145329348,mistak
-0.7036836921560053,trump
-0.703125444314955,error
-0.7022887689787184,point
-0.7017847151065946,best
-0.6987667822095851,movement
-0.6965474442599354,pleas
-0.6942964918949279,town
-0.6941328501820878,meaning
-0.6937783253104098,cope
-0.6937209866847414,pain
-0.6853521411702301,daughter
-0.6835145013613345,ad
-0.6821753913158599,stand
-0.682172726704374,brain
-0.6786552389856271,kind
-0.6772347187560899,could
-0.670730309631794,materi
-0.6682211291631738,world
-0.6676350694070068,numb
-0.6651677981729374,rid
-0.6648990263470924,packag
-0.6554965202587945,reput
-0.6554872728214941,creativ
-0.653686484022159,elon
-0.6535464671662927,directli
-0.6528840956565045,shift
-0.6523202844539645,collar
-0.6500818528321137,number
-0.6457493410802382,coffe
-0.6456728551616284,sat
-0.6424325158255335,accid
-0.6419286348967723,languag
-0.640299843550113,unnecessari
-0.6375869811754338,healthcar
-0.6374216239310534,concern
-0.6353666754569692,mass
-0.6348469733935941,conveni
-0.631052457457269,someon
-0.6297227262653838,cv
-0.6296049117656415,brick
-0.6295900640911213,environ
-0.6248923094367763,focus
-0.6212634867948199,slow
-0.6192756214606931,fill
-0.6177976316483249,sens
-0.6177345634089938,donat
-0.6168083915740006,wall
-0.6165655571360918,felt
-0.6152936082570343,still
-0.609598028069682,next
-0.609578931400243,pop
-0.6088002487385114,soon
-0.6079414463878184,vice
-0.6061517623919049,ground
-0.6052519936125235,boy
-0.6025216877339451,remind
-0.6023037955454629,dream
-0.6022730518387193,monkey
-0.601823470523359,doctor
-0.6014037767384673,subject
-0.6009321810894015,attack
-0.598694408970689,entertain
-0.5983679483226023,troubl
-0.5974378626670287,regardless
-0.5950367211262138,polici
-0.5926611035108369,idea
-0.591935661607629,earli
-0.585932121673607,fed
-0.5858355357898672,robot
-0.5849058224439437,fanci
-0.5842038517897546,ga
-0.5835493649752097,movi
-0.583462318857433,logic
-0.5831482760815729,hole
-0.5822208401993404,hmm
-0.5806763146262405,thursday
-0.5805599814200342,organ
-0.5802043369521801,creator
-0.5785387929501264,pathet
-0.5783219562829843,nois
-0.5780490786593389,toler
-0.577103714354233,mostli
-0.5759522100258913,solar
-0.5739234165117792,biggest
-0.5735765542901121,great
-0.5717785282532131,gig
-0.5700787792447143,mindless
-0.5695997990877433,growth
-0.5644262905986405,increas
-0.5509276722792467,voic
-0.5504749222087819,caus
-0.5493540868098101,honestli
-0.5477603718859098,jealou
-0.5467715768761728,caught
-0.5465387018418519,us
-0.5432474204340441,reward
-0.5428833873541573,bezo
-0.5428762967404265,absolut
-0.5415864780717072,two
-0.5408070973771393,quiet
-0.5384222438481734,billion
-0.5367026443907292,exist
-0.5356719441625922,joy
-0.5348170017595103,small
-0.5321796074016802,student
-0.5315692358734571,engag
-0.5268331132712872,boomer
-0.5246123759293863,context
-0.5237445415259386,feet
-0.519848380522445,edit
-0.5185478666471935,retir
-0.517976544715083,rout
-0.51511305124118,anywher
-0.5147164457504395,station
-0.5142057422582829,event
-0.5132446608136692,dollar
-0.509025016791915,bag
-0.5080493929634159,worst
-0.5077044993955999,dictatori
-0.5066904475598857,invest
-0.505852374815792,difficult
-0.5043319729429344,ot
-0.5023706247327823,imag
-0.5020293889266595,black
-0.5013109028536838,onli
-0.5011324265118932,disappoint
-0.49913065013818625,buy
-0.49839680699161926,craft
-0.49814074341347686,loan
-0.49787261315778997,despit
-0.4973907040920742,assur
-0.4942520431967526,hire
-0.4931860568892183,upper
-0.49078821843102804,run
-0.49022045090668187,paper
-0.4895307856525824,written
-0.4888234777093733,situat
-0.4865783262458412,wors
-0.4849590134932046,hate
-0.48464429420264366,consumer
-0.4843174447363559,christ
-0.4834749418935073,exercis
-0.48293404348447777,opposit
-0.4809413992477132,pure
-0.48025450044510726,short
-0.4801676677353848,remain
-0.4794319012579321,unless
-0.47906926069739325,pretend
-0.47521885498182836,peer
-0.4751144604098651,whose
-0.4747518245751833,advanc
-0.4722660835227333,meet
-0.4683551319099032,repeat
-0.4663442145468241,threw
-0.46519756643960875,boat
-0.4651638408345009,disgust
-0.463814644125375,copi
-0.46366768979847245,ethic
-0.4623235916611069,radic
-0.46034131167348485,fund
-0.46028596127701266,experienc
-0.4597648597500973,today
-0.4597153627584227,yell
-0.459555387657997,major
-0.4588233003394682,built
-0.4581185437612992,hour
-0.4576025199087615,knowledg
-0.4574261683749209,slack
-0.454757732762546,look
-0.4524958457899533,overwhelm
-0.45166698514716686,workplac
-0.4471914547130161,lift
-0.4463686646120645,drone
-0.44508842023233275,acknowledg
-0.44371673024495556,save
-0.44355744150824766,poor
-0.4417689248732678,secur
-0.44139704728069107,overal
-0.43929330815516193,floor
-0.43855212757937295,yet
-0.43540747807900576,becom
-0.43341086710427706,board
-0.432775072911871,underpaid
-0.42790301653382323,sent
-0.42536730999251654,drop
-0.42441492612807696,pee
-0.4240316573579765,bought
-0.42378889876979375,gener
-0.42363983628352087,equat
-0.4232059021315624,decis
-0.42270167802932435,kick
-0.4210627917129435,warehous
-0.41681343467559795,bastard
-0.4165431186498635,approv
-0.4149841466981922,obviou
-0.4144516637831674,truth
-0.41328798337108535,bed
-0.41217659423982195,spot
-0.41215203902686315,tough
-0.4113476971584463,ridicul
-0.41103138687318447,citi
-0.4091619825302268,theft
-0.4090554104645591,exactli
-0.40772207581505376,sit
-0.40208429395454826,bulli
-0.4011713904667114,bank
-0.4010541253095739,area
-0.3959417881999621,middl
-0.3944392088964285,fun
-0.39437138056821175,citizen
-0.3924783025707244,sick
-0.3911232804339898,come
-0.3869499455068022,prais
-0.3864454305186768,absurd
-0.3859204682794109,block
-0.38581176661788,enter
-0.3855817762404121,yeah
-0.38433293357910137,contract
-0.3836156892321272,hustl
-0.38099597885169234,corrupt
-0.37882165929664724,latest
-0.3777894446795001,uncomfort
-0.3773043357336784,permit
-0.3766668008809937,total
-0.375537902607629,pressur
-0.3742446916794817,threaten
-0.37268727559852777,awesom
-0.3719572032761752,email
-0.3710921384239798,race
-0.36987597211441253,ask
-0.36964427107820197,annoy
-0.3691390771528296,temperatur
-0.36254904597270043,smart
-0.36048510199010403,fuck
-0.36038082471102134,luxuri
-0.35950322776561405,let
-0.3585424163462736,traffic
-0.35695030925689286,episod
-0.35691279125696745,last
-0.3556585651789091,thrive
-0.3553019943662411,particip
-0.3541674133940528,consum
-0.3533220384067033,aw
-0.3519494805715404,american
-0.3508695579601741,continu
-0.3503901020083784,skip
-0.3492684221031531,afraid
-0.34628647942088064,cross
-0.34623736532757987,fatigu
-0.34557934771583954,slowli
-0.34506309776757443,propos
-0.3446450200771975,want
-0.34417651054337556,announc
-0.3424805554013772,civil
-0.34243268642422703,talk
-0.3415941857260457,suck
-0.33748954194409386,system
-0.336408515257057,mother
-0.3355909914777903,weak
-0.33052405230487697,condit
-0.3302330507796171,teach
-0.32936463679333877,verbal
-0.328008224025838,depend
-0.3262189678696792,period
-0.32444602612257745,recruit
-0.3209728853260512,breakdown
-0.3204004493351734,argument
-0.31987731999804614,gotten
-0.31753159006162257,therefor
-0.31625588873941524,build
-0.3120718856843085,accept
-0.31123251964463794,physic
-0.30900767783183536,ubi
-0.3087843039732026,born
-0.3020454062894562,realis
-0.3019817919912554,dead
-0.3016974220913412,phrase
-0.3016199836293673,trap
-0.30013469019969846,expect
-0.29919967816300747,claim
-0.29896088223201,box
-0.29662200864127636,eat
-0.2959401190325619,level
-0.2951479229607812,offer
-0.2951055351540771,titl
-0.29293131032334735,easier
-0.29169268269941845,constant
-0.29123998545983315,post
-0.2904313746975393,fix
-0.29024020220790814,thank
-0.2899320463667931,boyfriend
-0.2896940150717043,end
-0.2891312089331943,lazi
-0.28866391494586335,argu
-0.28854226894312995,text
-0.2877572818332089,test
-0.287462322078455,respons
-0.2860934015979492,shame
-0.2856138211587826,nowher
-0.283394887547129,websit
-0.28213824284547806,opinion
-0.2816888382858466,accommod
-0.2809630401898692,sleep
-0.279851937574339,ident
-0.27888023911860754,men
-0.2780096235255713,trip
-0.2764721073996283,purchas
-0.2749695846493525,liber
-0.27345923193188054,random
-0.27257650785539783,depart
-0.27250865942627567,yesterday
-0.2721345276593689,van
-0.26995174296274094,grind
-0.26954242629027675,nod
-0.26935515780442854,guilt
-0.2674668327304767,commit
-0.2661603533552935,independ
-0.26613385948956436,rel
-0.2661269566853456,excel
-0.2640833909821862,research
-0.2626415248551818,touch
-0.26144223450862797,blow
-0.2613501129826402,bodi
-0.2608054961676547,disturb
-0.2537818406665253,trust
-0.25331685814172905,reli
-0.24925206659505889,tell
-0.2490816022422249,thi
-0.24885844371472374,wrong
-0.24815644244804536,see
-0.2469097843780088,least
-0.24683298350997068,evolv
-0.2456857114066973,wellb
-0.24529374046537078,real
-0.2452425166836898,affect
-0.24491860007907565,demean
-0.24107205425542896,relationship
-0.23929868598887216,incom
-0.2366795129756436,tomorrow
-0.23573927905326963,endur
-0.2354799768138955,danger
-0.234453210414103,subway
-0.23106304845760584,despis
-0.2286430424902414,judg
-0.22816915534609752,camp
-0.22717259107532306,role
-0.22303136587110628,nonprofit
-0.22288160740893004,employ
-0.22144938443213072,type
-0.21951480941566603,tesla
-0.21801553856319408,covid
-0.21708676129270046,state
-0.2167948966470507,influenc
-0.21591790870598443,ya
-0.21544779105058512,upon
-0.21464908866729696,supposedli
-0.21442235523504688,labor
-0.21371211739111,famou
-0.21227548124757348,proud
-0.21207062223659337,yang
-0.2113153241058058,expens
-0.21072016163772606,gain
-0.2105593786092262,wonder
-0.2101542247963363,minut
-0.20944495213300998,forbid
-0.2094352442226084,rule
-0.20922740693079686,front
-0.20857544256400792,like
-0.20841063166596469,chat
-0.20819439291843014,master
-0.20723514084402994,god
-0.20713015648355593,proven
-0.20516060689490667,regul
-0.2017356171052237,school
-0.20103862104783715,much
-0.19838093972551915,imposs
-0.1956625288719502,profession
-0.19488394221325006,music
-0.19415802702449836,hunt
-0.19373040203163833,home
-0.1926131695099355,walk
-0.19249852897469144,info
-0.19071661010762841,farm
-0.18957743647448883,hardship
-0.18689307254108586,distribut
-0.1851040546288418,media
-0.1843147358287647,five
-0.17877110551574044,kitchen
-0.17650825609327148,mindset
-0.17649516119665234,kept
-0.17634800924573185,straw
-0.17535733501372963,pandem
-0.1750561063399693,suggest
-0.17502529426660526,paperwork
-0.17368113599025906,pay
-0.17185985982816443,fortun
-0.1714301373870631,involv
-0.16939946050902766,intellig
-0.1683034142823198,blame
-0.16778017386766886,ada
-0.16716500306916265,full
-0.16517072742916494,think
-0.16224613891988643,user
-0.16086390452398494,unhappi
-0.1573782511403102,homeless
-0.15488458732438187,contractor
-0.15460692466237258,otherwis
-0.1533242131032965,wake
-0.14935841436501643,cult
-0.14681767050779318,garden
-0.14655906913199834,code
-0.14549027167844317,guy
-0.14539867294566164,wealthi
-0.14421539260239602,vp
-0.14308990134706479,wear
-0.14093776756358847,relat
-0.14092521237051953,defin
-0.13727468770991066,migrain
-0.13517985387817863,suffer
-0.13398939071505567,concept
-0.1334278163882293,around
-0.13342496074276375,explain
-0.1328791059999215,anxieti
-0.12851724748428217,statu
-0.12764458878111506,director
-0.1252957377383529,treat
-0.12527137847364805,sky
-0.12483355555539946,ideal
-0.12270930845587849,specif
-0.12125785355010452,four
-0.12113235050966122,extend
-0.12063365823164994,piss
-0.12053017220236915,appar
-0.11861754188654855,anti
-0.11833019401090525,harsh
-0.11661988351591542,mexican
-0.11278893552152122,oblig
-0.10949108261426381,anybodi
-0.10947328742484429,document
-0.10628282356278163,extens
-0.10610441294573746,protest
-0.10498306827166708,dure
-0.10145298592012689,bum
-0.10132216922687608,member
-0.10070416562862564,definit
-0.09987491718061256,ani
-0.0997285667308165,ignor
-0.09662376090575149,prior
-0.0966131565957758,recommend
-0.09614544995069825,shitti
-0.09507057644314554,peac
-0.09504619022067912,success
-0.09280449901678045,escap
-0.09151645847327382,undu
-0.09016896244682637,util
-0.08974775592277835,wood
-0.08830212431439458,bring
-0.08683060395337437,market
-0.08658296899887638,servic
-0.08623520913488443,cap
-0.0852062950703242,sometim
-0.08469683243951343,food
-0.08448359696628713,certainli
-0.08404924207007973,neg
-0.08364764868180873,determin
-0.08107570761519214,smile
-0.07850729798299547,work
-0.07774669658086891,self
-0.076263715394395,contingencyfe
-0.076263715394395,attorney
-0.07597386951277652,cold
-0.07382643575691664,white
-0.07319114257493532,fairli
-0.07249441318674833,couch
-0.07214971070189993,ye
-0.07034485674567069,afternoon
-0.07001732700684365,reason
-0.06674586471474618,comfort
-0.06478654134108743,near
-0.063683539204747,loss
-0.06268787715757282,onlin
-0.06242871667499978,harass
-0.06167635093999482,bootstrap
-0.06080976794012249,leav
-0.05927178026772713,origin
-0.0582675673893968,monoton
-0.05766916497266241,dystopian
-0.055012967611912524,hourli
-0.04619730147351411,boredom
-0.04500433499006425,earlier
-0.04404829623461102,frugal
-0.04299459902070909,perform
-0.037677449625657285,stretch
-0.035496888844867215,must
-0.03421230775622348,achiev
-0.03390255296677913,spent
-0.03332282750301774,mine
-0.03025000945221046,gon
-0.029615017060701337,empti
-0.028283062526273276,took
-0.02814032522922932,cri
-0.02769346185918506,vehicl
-0.02644570549152916,resent
-0.025759536869246345,stare
-0.024364968729019495,plant
-0.023929907847917143,upset
-0.023870945335483697,brutal
-0.023220586282729508,massiv
-0.022546455401632318,convers
-0.01855878142428172,disabl
-0.01802824258122354,suicid
-0.017333759409694414,branch
-0.015258219213691008,common
-0.014440636578527583,practic
-0.012286083798805178,anoth
-0.012105021450738438,seem
-0.011655464321823914,ok
-0.011574387626910312,wont
-0.010501266609556406,decid
-0.00912288768794975,lead
-0.00799770634663287,exam
-0.006788525627778411,pm
-0.005766329010377831,minim
-0.004952509902099631,scare
-0.004895377298833777,emot
-0.004573940369292425,life
-0.004533556743580434,appear
-0.0016411690980979228,meal
0.00021707388352525364,inform
0.001915447898455101,alien
0.002072074280170506,half
0.0037649755782327606,redditor
0.006385739477234119,parasit
0.006963665196970314,wtf
0.007185469554623472,pro
0.007459521573422068,lunch
0.010940778766989411,pace
0.013337067323356324,resum
0.014499847671452574,mediev
0.014863885816591722,shoulder
0.01650364295258093,weird
0.016773610848829213,charg
0.019173482415369383,bottom
0.019178590118003068,retail
0.02025921973821173,futur
0.02078923424151359,besid
0.0212749170781371,worker
0.02329640584198189,leisur
0.024065681332685832,manipul
0.028405955108690057,insid
0.02932209285686161,true
0.029824807249194396,gap
0.031090136752856195,shop
0.03306615229020839,crazi
0.03439815290780765,job
0.03956395171079665,mode
0.03998708227689299,six
0.040548048306589146,economi
0.047608154634364616,respond
0.048237774036903706,rain
0.049689565305769595,insan
0.05274154039301569,chronic
0.05411768384308169,seen
0.054869429531703005,whi
0.0564182329795434,admir
0.05659993973336947,clock
0.05695041279171138,tri
0.05728069884578214,ton
0.0601109669101604,rare
0.06132524001225522,nice
0.061672405587562665,cut
0.0639209322795992,parent
0.06474977233736809,infinit
0.06522597117971739,simpl
0.06540659357406901,measur
0.06856659683375671,februari
0.06997929196926259,care
0.07406903895949186,bu
0.07414012688990236,certain
0.07587018452337771,ride
0.07651444004319362,recur
0.07663088176484928,karen
0.0766991387335432,march
0.07896213259814173,lie
0.07953267582980993,pursu
0.08054733667844981,rate
0.08263703644476107,breath
0.08289250447889364,fit
0.08293651582808162,technic
0.08387241098985186,bet
0.0848813039092132,hell
0.08591406534379206,musician
0.08741433761554941,wo
0.08879782514317691,higher
0.0908267442594048,shovel
0.09108757037016879,basi
0.0930712707684519,react
0.09416065278409923,take
0.09451821303432667,healthi
0.09561298043064127,compet
0.09891978762602233,reserv
0.09910757166993815,wageslav
0.09925300121145486,worth
0.09960141107719264,mcdonald
0.10326290537495635,billionair
0.10444671310460425,occasion
0.10875095039844511,inflat
0.10910558144495522,panic
0.11264714660703486,execut
0.11400165380250757,usual
0.11485379648913915,hang
0.11697938216297021,mention
0.11806223153158667,ticket
0.11910148262609957,lol
0.12023129839311476,shit
0.12287245746954416,power
0.12312093830088021,internet
0.12324134746456132,surf
0.12457276001863728,sound
0.1286283985840464,fulli
0.1288706342521326,stranger
0.1304997897101817,cancel
0.13120605052324197,nervou
0.1330307058844977,health
0.13479441511782886,hundr
0.138232563387116,unfortun
0.1398873233168652,cost
0.14446430676855732,actual
0.14477713033896336,word
0.14482991306554843,dr
0.14482991306554843,tl
0.14536891319341616,payment
0.14545177327305625,sake
0.14718453701457265,hopeless
0.1488537724840059,sub
0.15059422395219385,crew
0.151834378959685,mandatori
0.1518424787798575,relax
0.15196853690008316,advertis
0.15513305624817775,road
0.15557810749307135,na
0.15627447594168623,boss
0.15649273584388398,crap
0.1567236514656598,man
0.15679582236543196,safe
0.158833394717655,wish
0.1610469733265458,spread
0.16110010570317396,teacher
0.16169782012337708,local
0.16236600135214324,everyth
0.16362142028031323,day
0.1648450737699239,unpaid
0.16495283111742057,preciou
0.1665544669498088,compar
0.16707263978964185,admit
0.16720946806007558,offici
0.16745353239396704,art
0.1693753426993841,onto
0.17138347281826316,margin
0.1734330465765615,car
0.1740646103872652,procedur
0.17559760916372566,constantli
0.175754274855839,produc
0.17921271370764302,simpli
0.17967171432056211,max
0.18015977058926685,batteri
0.1818531590143814,tip
0.18288192039073564,overqualifi
0.187081158475921,refer
0.1872625175956688,grad
0.18734104386149794,obvious
0.18992488034587876,extrovert
0.19107270695232473,peopl
0.19109982814128845,bootlick
0.19182817662983792,fool
0.19538481597947405,contact
0.19578859146944408,glad
0.19651562142601284,promot
0.1971773262883994,immedi
0.1984701907343841,sacrific
0.20202163501934783,miser
0.20231968206725462,poverti
0.2023238895452913,eager
0.20273340244955915,oh
0.20430382204266423,thing
0.20771076109929248,militari
0.21222971640674965,appoint
0.21403008095806117,degre
0.21452642903022934,help
0.2147736056514095,addit
0.2169844694369319,profit
0.21705478034276063,illus
0.22063717046990272,die
0.22793409184838714,partner
0.2300688487687338,young
0.23135540929598258,wan
0.23177277876182636,progress
0.2343470428078992,harm
0.23441265102001008,train
0.23474869694654393,also
0.23617233404458315,brand
0.23747729073844184,depress
0.23968772403443547,alcohol
0.24257068106634694,dime
0.24290300918379854,alarm
0.24571749919354424,correct
0.24627945243289312,connect
0.24877421156316523,digniti
0.251529725233123,abus
0.2533582320117828,hospit
0.2534532848336439,freeli
0.25393711216598386,prison
0.2541453771313341,cowork
0.256750064031392,socialist
0.26387626741968523,impair
0.26419895481027966,switch
0.2672145470302415,standard
0.2709145638656143,etc
0.27281908735037996,bore
0.27576388885289094,gossip
0.2759760568748674,skeleton
0.2764654356797403,damag
0.2765677797193036,insur
0.2766405556962272,hero
0.2769163398219095,paycheck
0.2816857247561602,lucki
0.28174575276108055,feed
0.28602200869980554,check
0.2874479814781417,deep
0.28901140000732894,incred
0.2904001998254585,fire
0.29078037279354413,way
0.2919936615067179,suddenli
0.2948688326366524,bureaucrat
0.29658595454716485,bike
0.2973921582544104,evil
0.29743866050307194,averag
0.2980468978614488,portion
0.29806431072733097,necessari
0.2999881405606173,bullshit
0.3007670255098665,fetish
0.3014412040609793,odd
0.30318563322846626,wife
0.3046659094371987,never
0.30763189998420337,third
0.3077294600933295,agre
0.31686957441520125,taken
0.31753203025745047,forward
0.31776996047703837,everywher
0.3182517628429692,kinda
0.3195012331326065,hot
0.3199084887606681,ive
0.32056584610919914,get
0.3239808606611209,entri
0.32542094573684527,basic
0.3259438057936099,reddit
0.32675027865663925,corner
0.33215480387184276,clearli
0.33449304218835657,believ
0.3397736331494548,spreadsheet
0.3406078743267006,new
0.3446433977317805,doubl
0.34694373348313906,bonus
0.34786017594640284,lowest
0.3492423664961111,background
0.3495482596780763,lose
0.34959049189528646,travel
0.35068381296124396,audac
0.3517730825347535,clear
0.3547066470107025,miseri
0.36074964297327994,credit
0.3617338043781685,mortgag
0.3633786440269105,window
0.3661828942662814,asid
0.3667589588826243,pointless
0.36825467237815385,readi
0.3709196137931558,staf
0.37161367139238216,honor
0.3722418923144659,death
0.37462878304365477,marri
0.3781363793864271,toilet
0.37849698376506785,whenev
0.37985769845553197,starv
0.38224330352640684,fall
0.382784506664435,drive
0.3836191203740512,focu
0.3849642867799419,ration
0.38658121050491623,explor
0.38761859273617366,august
0.38887112076093044,seriou
0.38908903277085133,toxic
0.39013507544955195,blue
0.3912495687218442,passiv
0.3912495687218442,aggress
0.39566378359523946,group
0.3981555935844593,view
0.39861242080479564,balanc
0.3988228612632152,reach
0.4003683293008185,three
0.40052809920587135,slave
0.40053255810180494,draw
0.4039898389401217,prioriti
0.40422283935888625,defens
0.4047503738048023,potenti
0.40582454446904764,talent
0.4077805592652969,behind
0.40825930967936686,declin
0.40952116354797197,ball
0.4096898846211887,pictur
0.4119731896463236,phone
0.4131541666626484,maintain
0.4133376469884991,valu
0.4182887390038629,introvert
0.4208063767696161,unproduct
0.4211094179069166,budget
0.42328552290231664,room
0.42515103623572337,endless
0.42965096832706956,dread
0.4305601518562483,class
0.43283210260931315,smoke
0.43341796061362636,bigger
0.4343675292859736,casual
0.4345507179873672,sell
0.43775997734484123,leadership
0.43960347501484187,annual
0.44015296081942956,tv
0.44271612161256757,miss
0.4429003252761792,tho
0.44591240256583714,present
0.4490123291927821,convinc
0.4496894486005484,week
0.45362402679922753,solidar
0.45430339492502425,allow
0.45797191595628856,chose
0.4582119969116551,homework
0.4587514467756295,weekli
0.4606519315531883,yay
0.4625991207237442,prime
0.46527324645670615,say
0.46637554974080253,caffein
0.4687922493301237,fault
0.46905292038002155,genuin
0.4702829510297442,damn
0.4746783690088049,clinic
0.47473797148784375,base
0.48035079680865844,night
0.4806542386258957,saw
0.4816923912509022,super
0.48213073677210255,signific
0.4845740344061144,old
0.4880414829330808,friend
0.49400026807589015,fact
0.4957228773678201,investor
0.4972706986174209,path
0.4977895535292509,howev
0.498900228753255,serious
0.49978331962449285,watch
0.500902490627317,discuss
0.5044190893477022,ptsd
0.5075804322684544,past
0.5077742806328766,wheel
0.5204752425198907,holi
0.5210094533346266,flexibl
0.5229127988144462,show
0.5229833171260865,stuck
0.5245430421546079,hi
0.5252475981057465,japan
0.5273193730635841,month
0.5273663600264598,spoke
0.5289279386493912,moment
0.5321139401956806,previou
0.5387505167078555,shoe
0.5388147927461976,sustain
0.5425875718066205,option
0.5464866095043474,christma
0.5464959752708073,entir
0.5485425733999457,crush
0.5519571568855065,modest
0.552967481629358,weekend
0.554163471149783,done
0.5549422838436344,stick
0.5553124258578237,compens
0.5591635197755034,side
0.5611045866678721,variou
0.5636289693659944,million
0.5644960349891524,launch
0.5650585334841812,cook
0.565892783892479,version
0.5677443302894226,consist
0.5681415723180603,told
0.5694846018883212,badli
0.5732816576022591,accur
0.575727194782862,page
0.5758550047582457,bathroom
0.5785018979496704,address
0.5795014312440896,anymor
0.5803090687461876,longer
0.5810833297034865,provid
0.5851633069596607,colleagu
0.5865833146296154,trade
0.5871707587992926,earth
0.5915357193323022,pack
0.5920513750379325,happi
0.5936135886326627,burnout
0.5949870557614623,send
0.5966565153670202,product
0.5981635245094872,routin
0.6016368200016877,sole
0.602051269797229,right
0.6065049443469722,project
0.608073847240527,virtual
0.6084781553528074,restaur
0.6089173926640149,speak
0.6102567069019199,rep
0.611537387684958,afford
0.6150062702255018,april
0.615527442061802,privileg
0.6181668184655407,shot
0.6188046659902506,buddi
0.6193984925942249,assign
0.6212014523298225,sourc
0.6212506726865289,sentenc
0.6221194620815192,exchang
0.6222341377594289,mad
0.6225088836809232,ca
0.6269085028308028,plenti
0.6277697078383526,frustrat
0.636260968575371,meaningless
0.6414367794384945,propaganda
0.6435900673541329,horrifi
0.6462646427293721,patient
0.6469266972232881,love
0.648499051198753,fail
0.6499004043662112,activ
0.6499014690818447,chair
0.6515451329109482,well
0.6524027732929559,saturday
0.652664200096633,monday
0.6559122213055063,known
0.6577894093726134,qualiti
0.658919320680754,everybodi
0.662382449725734,tactic
0.6669852620530141,compani
0.6709381400638101,machin
0.6727876312783547,cage
0.6732320162440146,season
0.6742436070308858,opportun
0.6779581492609215,realli
0.678132207606123,greatest
0.6807796203050221,load
0.6873482021957236,item
0.6877128152227743,time
0.6880630011376215,seat
0.691713650567332,doe
0.6923913425898297,quick
0.6966159610897917,appreci
0.7000838353271726,section
0.7027492039889934,offic
0.7040667291078673,made
0.7046914150641648,critic
0.7063804871772799,everyday
0.7104221135634408,hold
0.7142367598567056,along
0.7163724280504854,trash
0.7165102592345244,lost
0.7168121119143303,gt
0.7169455562379196,ceo
0.7178441411557724,institut
0.7178879875904873,tie
0.71941734099225,social
0.7230097653721181,wise
0.7235908362049771,function
0.7248277888033143,less
0.7283909380901014,plain
0.7328391558682854,know
0.7334896345413162,goddamn
0.7345130650921906,open
0.7366828490711061,order
0.7370602582851868,energi
0.7402152349231589,limit
0.7422448108943273,guess
0.7534682642358537,angri
0.7535707850540928,haha
0.7539698540828275,hellhol
0.7554323336628503,quickli
0.7560790089107643,good
0.7568784267187204,inher
0.7584026333673979,structur
0.7600922295159994,sold
0.761491496761663,water
0.7682306868876325,left
0.769366253743614,make
0.7702619282756115,deni
0.7706623181483009,manufactur
0.7712498054460587,possibl
0.7738712142873007,debat
0.7764111628954127,ladder
0.7776049100897623,plan
0.7818308632010167,alway
0.7826634206756632,across
0.7931015465155192,pursuit
0.7937249037918124,junk
0.7963630565747819,push
0.8000830672802451,whole
0.8008192984818372,ago
0.8031469447972924,live
0.8036866683699638,shown
0.8043270730051699,red
0.8064917590379636,public
0.8109345186531192,laid
0.8180236795921745,harder
0.8187345638872019,brainwash
0.8206103726943779,probabl
0.8233876546984178,cheat
0.8261711069904636,soul
0.8306879296307565,weight
0.8321291973039022,tunnel
0.8326638457681723,hey
0.8376844183966397,perfectli
0.8377868583262428,nobodi
0.8391718075491259,modern
0.8394256120690742,sale
0.8441065897557343,labour
0.8459394479969614,somewhat
0.8467700633573385,mile
0.8491995555569236,capitalist
0.8539404077667533,person
0.8580414205065453,unfair
0.863067285925978,arriv
0.8635530126712754,thread
0.8663216645280597,import
0.8664684025544334,list
0.8702855779216631,cours
0.8716752047982846,motiv
0.8724197027732135,heat
0.8727028609652232,drain
0.8786764040130228,hr
0.8870595060852093,descript
0.8871232335441737,case
0.8878677388763371,bother
0.8883617181762502,found
0.8884607388157296,anyth
0.8893405265981696,throw
0.8950276191916481,fee
0.8953136825646881,inconveni
0.8962659199822095,stuff
0.9007257079646029,big
0.9024182346233192,desir
0.9035956993552723,surgeri
0.9088196212212076,nurs
0.9116154172771247,outsourc
0.9119566170026825,give
0.9126435102677586,forev
0.9153374566070301,facebook
0.9153576285516234,suppos
0.9162771140504306,greet
0.9213177150537653,grab
0.921928477882887,popular
0.9239824193481911,deadlin
0.9252869713280981,therapi
0.9274737536281087,coupl
0.9303684704942512,eight
0.9317556845987038,faster
0.9326270506094421,pleasur
0.9341116326647302,custom
0.9379496092695201,account
0.938189141700133,wealth
0.9419041475184663,slightli
0.9447250836162762,discov
0.945709935310563,light
0.9470572999107918,jim
0.9539652222671896,wa
0.9577515498556062,heaven
0.9578677149540556,overlord
0.9631265064735345,mail
0.9667584383765514,sever
0.9679468048152464,twitter
0.9769511371532849,aliv
0.9771258503876198,letter
0.9792469260564443,effort
0.9795429245742705,somebodi
0.9817867942826188,pull
0.9843382032190638,joke
0.98550474200621,elit
0.9865247336064805,treatment
0.9885667467103985,overtim
0.9896091192850865,design
0.9996254867085724,press
1.010519447108959,complet
1.0127605280060172,ladi
1.0139077810445174,gym
1.0183682361145914,head
1.0191204851286348,money
1.0197980717130226,content
1.0200403523876038,bunch
1.0206931744044407,due
1.0235126228700955,finish
1.0281848006730867,later
1.0283345719734907,cruel
1.0347376174155813,lay
1.0349798511129782,support
1.037174590402114,almost
1.0387050413733916,burger
1.0422782750669457,drink
1.0488586679896628,differ
1.0527940887829865,fast
1.0578273633209316,grate
1.0587373419716877,stock
1.0599001292620382,pto
1.065925462168876,choos
1.067999907897766,count
1.0681101598123073,gone
1.0690622985876141,remot
1.0724905709762707,describ
1.0725429698687974,child
1.075817346226229,perhap
1.0788577338849976,ran
1.0789339591780631,nightmar
1.081352651582145,linkedin
1.0834023071621117,rant
1.0858324209331807,huge
1.086770874327243,broken
1.094624275380734,film
1.0970661481284198,came
1.0991615513514437,news
1.102142142944704,request
1.1040627906278666,chest
1.1100855780425019,easi
1.1110617097175504,nearli
1.1132054494741221,screen
1.1173808653257518,win
1.1211342441405612,panel
1.13540850712177,heard
1.135615154651567,brows
1.1361920119382243,rock
1.136287120602031,hit
1.137003350507252,friday
1.14481841940855,someth
1.1497495542422091,commut
1.1506671274463005,workload
1.155851101584486,stress
1.1568522427740904,replac
1.160164591215608,tool
1.1630987396992685,decent
1.1640804738105965,target
1.1641921246781228,boot
1.1648986294167685,adapt
1.1651889685296304,occur
1.1658619721485284,hoard
1.1663218298043851,prove
1.16779012021922,quot
1.1687444616871847,repost
1.1693521177417032,walmart
1.173092871153699,hurt
1.1740277693427745,break
1.1798742963844622,danc
1.1931368975486154,desk
1.1986622900509245,search
1.2074448986071356,index
1.2084626189076797,min
1.211862575107125,meme
1.2143158609871647,comment
1.216848723784464,record
1.222278560971736,street
1.224605096093874,shower
1.2246464995058357,establish
1.2306230487084304,updat
1.2325443029546264,folk
1.2326213580278065,cent
1.236217680589535,sunday
1.2377206166762036,beauti
1.2401109887690613,x
1.2412166586145097,high
1.2424877463559456,rest
1.243110632631079,receiv
1.243766912721317,morn
1.2454680319340288,lack
1.246465606548258,rais
1.2471596499866555,teen
1.2540245434273243,applic
1.2626180459704603,technolog
1.2641346284297474,anyon
1.2655356875077513,monitor
1.2703786525613536,cool
1.270649567974388,candid
1.276554823164381,sure
1.2777022927469728,accord
1.2784592186128192,king
1.279564974203183,dog
1.2847463799635925,colleg
1.2890799489916893,older
1.2928239977104126,yup
1.2938734045529552,asham
1.2947334187025508,given
1.3012079652106454,interview
1.30706270112319,resign
1.3086772203254273,famili
1.3147396603917507,encourag
1.3164711628917034,workweek
1.3207235551250192,dare
1.3228473679930546,millenni
1.328217543320754,excit
1.329310700223361,problem
1.3334318248232218,hear
1.3446765808934096,privat
1.3511187172985912,bad
1.3558564111549691,sign
1.3566140931016033,call
1.3576787977400222,said
1.358617829410206,refus
1.3614118675380127,hobbi
1.3642567065379816,deliv
1.3669466741074892,tuesday
1.3680232858495918,everi
1.3702471907775324,percent
1.376047773507769,report
1.378597015940412,meant
1.3823909792862836,challeng
1.3899618436941448,mood
1.391183401375608,industri
1.3930045867688228,surpris
1.3932474729396878,factori
1.3966211370138042,wrote
1.4048660315641686,crisi
1.4250217323290615,term
1.4291403592970913,pretti
1.432755130277028,bare
1.4329746372340617,valuabl
1.4356048362868208,greed
1.4385115276417706,roll
1.4415439521035693,goe
1.45509178422358,roof
1.4595277146608632,ta
1.4620320708065695,honest
1.4628640909103832,multipl
1.4648947265108803,stolen
1.4691015178900693,driver
1.478064433992092,effect
1.4793348434248952,long
1.48327114646419,bust
1.4884739086540608,cycl
1.4898965377119482,steal
1.4927261944930383,chang
1.4969851770671794,sun
1.5050979670318598,circumst
1.5061891965742777,solv
1.5066932984995927,crowd
1.5095339281716333,loyalti
1.5108990790885461,aspect
1.5116427991796397,co
1.5130014624518537,cultur
1.5131395193738495,ahead
1.515718925036851,corpor
1.5237735449871002,access
1.5243766102938061,ha
1.5261661154694737,year
1.536594463930876,attitud
1.5413486672425862,cover
1.5423231956742023,brought
1.5475827736564227,place
1.551745482800745,vacat
1.5542271328370192,suit
1.5550734435962632,15th
1.5554815383164196,insight
1.5599078118429666,overwork
1.563233865951442,reduc
1.564348075418114,act
1.5674671355616587,cashier
1.5695426521587061,freak
1.5786681802973477,salari
1.579398879241158,revolut
1.586834507301014,thought
1.591256713502827,togeth
1.6008946800534614,burden
1.6016034909325452,countri
1.60228878089468,poster
1.6031710199223057,obedi
1.6037210416741576,grow
1.6189616969220146,question
1.6215861493592596,attend
1.627739557154838,worthless
1.6291553854567558,burn
1.6318057081110586,pizza
1.6343523924452446,team
1.6357655034785898,indoctrin
1.6477868310752206,amazon
1.6495343002056104,even
1.6516995182998102,understaf
1.6555775496803227,requir
1.6560351098133563,dress
1.6611072270026908,forget
1.6738642711669316,apolog
1.6799264523531887,door
1.6920140458507062,valid
1.69941331314344,shorter
1.6996050726204106,center
1.7035397546237179,pick
1.7048224399476428,schedul
1.7055934563106168,degrad
1.7167526774503306,shut
1.7214186417142872,loyal
1.7215317852483676,typic
1.7309997858564798,scenario
1.735531310875466,intern
1.738780600696943,satisfact
1.7410445060313404,date
1.7437023497673942,etern
1.7490034687947902,english
1.7555515989224433,subreddit
1.7565673473485288,spirit
1.7574385927330212,note
1.7588988750183743,mayb
1.7637017206946124,bro
1.765544136710524,dozen
1.7757523006538605,groceri
1.7775942640529878,graduat
1.779141930048295,littl
1.794113924938604,invent
1.8299804598653697,fine
1.8303920770443636,woke
1.8545647266253351,return
1.8600352315722095,fulfil
1.8725526457773933,program
1.8875730269699258,stay
1.8917634911299883,whether
1.9007796902970748,sinc
1.901005521237823,punish
1.908312405581332,nonsens
1.9253323749638367,better
1.9365465702932279,figur
1.9522054066986856,tear
1.960281898477573,strong
1.982851640431854,anger
1.9852182684687725,lower
2.0207083390351714,appli
2.0673233553181447,jump
2.091910533049573,met
2.1024416683350418,ai
2.113291286692243,prefer
2.1509963347660843,collaps
2.1717443808269765,first
2.172887431551388,rush
2.200680578001741,add
2.201444435928507,owner
2.236820161913691,sorri
2.2410770885408398,minimum
2.2639256592139736,extra
2.2696908645940495,worri
2.287170194357505,final
2.2930892491607757,main
2.307594085213081,write
2.3080764859595173,ever
2.3174872836402103,penni
2.3186519979955547,educ
2.338242395805579,expert
2.349855020309041,summer
2.3706549363795473,exact
2.3770943105874824,medic
2.493076951132014,destroy
2.5085041839922995,dumb
2.631389128795629,risk
2.641977977953968,properti
2.8345245004436013,posit
